nome,tempo
OCR,540.5019011497498
PDFX,49.07568311691284
PyMuPDF,2.586055278778076
PyPdf2,76.38364434242249
Pytesseract,3545.3216552734375
